Rank,Date,Location,Event,Magnitude
1,"May 22, 1960","Valdivia, Chile",1960 Valdivia earthquake,9.4–9.6
2,"March 27, 1964","Prince William Sound, Alaska, United States",1964 Alaska earthquake,9.2
3,"December 26, 2004","Indian Ocean, Sumatra, Indonesia",2004 Indian Ocean earthquake,9.1–9.3
4,"March 11, 2011","Pacific Ocean, Tōhoku region, Japan",2011 Tōhoku earthquake,9.1[3]
5,"November 4, 1952","Kamchatka, Russian SFSR, Soviet Union",1952 Kamchatka earthquakes,9.0[4]
6,"August 13, 1868","Arica, Chile (then Peru)",1868 Arica earthquake,8.5–9.0 (est.)
7,"January 26, 1700","Pacific Ocean, USA and Canada (then claimed by the Spanish Empire and the British Empire)",1700 Cascadia earthquake,8.7–9.2 (est.)
8,"April 2, 1762","Chittagong, Bangladesh (then Kingdom of Mrauk U)",1762 Arakan earthquake,8.8 (est.)
9,"November 25, 1833","Sumatra, Indonesia (then part of the Dutch East Indies)",1833 Sumatra earthquake,8.8 (est.)
10,"January 31, 1906",Ecuador – Colombia,1906 Ecuador–Colombia earthquake,8.8[5]
11,"February 27, 2010","Offshore Maule, Chile",2010 Chile earthquake,8.8[5]
12,"August 15, 1950","Assam, India – Tibet, China",1950 Assam–Tibet earthquake,8.7
13,"October 28, 1707","Pacific Ocean, Shikoku region, Japan",1707 Hōei earthquake,8.7–9.3 (est.)
14,"July 8, 1730","Valparaiso, Chile (then part of the Spanish Empire)",1730 Valparaiso earthquake,8.7 (est.)[6]
15,"November 1, 1755","Atlantic Ocean, Lisbon, Portugal",1755 Lisbon earthquake,8.5–9.0
16,"February 4, 1965","Rat Islands, Alaska, United States",1965 Rat Islands earthquake,8.7
17,"October 28, 1746","Lima, Peru (then part of the Spanish Empire)",1746 Lima–Callao earthquake,8.6 (est.)
18,"March 28, 1787","Oaxaca, Mexico (then part of the Spanish Empire)",1787 Mexico earthquake,8.6 (est.)
19,"March 9, 1957","Andreanof Islands, Alaska, United States",1957 Andreanof Islands earthquake,8.6[5]
20,"March 28, 2005","Sumatra, Indonesia",2005 Nias–Simeulue earthquake,8.6[5]
21,"April 11, 2012","Indian Ocean, Sumatra, Indonesia",2012 Aceh earthquake,8.6
22,"December 16, 1575","Valdivia, Chile (then part of the Spanish Empire)",1575 Valdivia earthquake,8.5 (est.)
23,"November 24, 1604","Arica, Chile (then part of the Spanish Empire)",1604 Arica earthquake,8.5 (est.)
24,"May 13, 1647","Santiago, Chile (then part of the Spanish Empire)",1647 Santiago earthquake,8.5 (est.)
25,"May 24, 1751","Concepción, Chile (then part of the Spanish Empire)",1751 Concepción earthquake,8.5 (est.)
26,"November 19, 1822","Valparaíso, Chile",1822 Valparaíso earthquake,8.5 (est.)
27,"February 20, 1835","Concepción, Chile",1835 Concepción earthquake,8.5 (est.)
28,"February 16, 1861","Sumatra, Indonesia",1861 Sumatra earthquake,8.5
29,"May 9, 1877","Iquique, Chile (then Peru)",1877 Iquique earthquake,8.5 (est.)
30,"November 10, 1922","Atacama Region, Chile Catamarca Province, Argentina",1922 Vallenar earthquake,8.5[7]
31,"February 1, 1938","Banda Sea, Indonesia (then part of the Dutch East Indies)",1938 Banda Sea earthquake,8.5[5]
32,"October 13, 1963","Kuril Islands, Russia (USSR)",1963 Kuril Islands earthquake,8.5[5]
33,"October 20, 1687","Lima, Peru (then part of the Spanish Empire)",1687 Peru earthquake,8.5 (est.)
34,"October 17, 1737","Kamchatka, Russia",1737 Kamchatka earthquakes,8.5 (est.)
35,"June 15, 1896","Pacific Ocean, Tōhoku region, Japan",1896 Sanriku earthquake,8.5 (est.)
